risk_segment,cases,avg_delay_probability,actual_delay_rate,min_probability,max_probability
low,3151,0.08815265,0.08378292605522057,0.00074041315,0.23083352
medium,1575,0.34320047,0.37206349206349204,0.23083483,0.40945134
high,945,0.43038678,0.43703703703703706,0.40962887,0.46130183
critical,631,0.5334483,0.49445324881141045,0.46150863,0.80587375
